,val_loss,val_mae,val_mape,val_mse,loss,mae,mape,mse
0,56328626.44444445,3878.067626953125,99.33651733398438,56328624.0,5522484.934019721,793.1251220703125,94.92572021484375,5522484.5
1,55680094.777777776,3801.153564453125,91.57899475097656,55680096.0,5482745.3508314,780.3685913085938,182.47348022460938,5482746.0
2,52244309.88888889,3409.771484375,70.31794738769531,52244304.0,5225136.236658933,730.766357421875,778.5547485351562,5225136.0
3,46779553.222222224,3022.33837890625,97.25917053222656,46779552.0,4591353.822288283,725.5064086914062,2109.20556640625,4591353.5
4,45304636.55555555,3007.638427734375,113.60061645507812,45304636.0,4262905.159730279,767.1312255859375,2408.80517578125,4262906.0
5,44462649.833333336,3025.002685546875,127.10208892822266,44462652.0,4181717.838529582,762.5335693359375,2035.857666015625,4181718.25
6,43968981.833333336,3046.022216796875,135.24899291992188,43968980.0,4121582.9695475637,772.8270874023438,1839.41259765625,4121583.0
7,44057739.05555555,3038.43408203125,133.5554656982422,44057740.0,4115226.2732018563,753.7534790039062,1521.7855224609375,4115226.0
8,44323119.61111111,3020.830810546875,128.16943359375,44323120.0,4168035.3928968483,724.1838989257812,1201.134521484375,4168035.5
9,43936856.333333336,3038.96240234375,133.89259338378906,43936852.0,4119214.154679041,725.261474609375,1064.2841796875,4119214.75
10,43313332.666666664,3073.456787109375,144.8814697265625,43313332.0,4101182.39070959,718.5313110351562,887.2222290039062,4101182.25
11,43252130.88888889,3068.2548828125,143.3057403564453,43252132.0,4058838.7819992267,724.65478515625,808.9501953125,4058839.0
12,42911743.722222224,3086.76318359375,148.8672332763672,42911740.0,4027292.4070475637,727.7645263671875,730.3603515625,4027293.0
13,43088075.94444445,3066.519287109375,143.79122924804688,43088080.0,4023226.6461716937,717.9578247070312,608.3363647460938,4023227.0
14,42862729.5,3064.703369140625,143.98565673828125,42862728.0,4004912.6677059163,716.0341796875,590.9226684570312,4004912.0
15,43171247.11111111,3038.43359375,137.43629455566406,43171248.0,4073893.467130704,688.1499633789062,480.1120910644531,4073893.75
16,42985804.777777776,3037.2890625,138.24203491210938,42985808.0,3995395.840414733,698.3263549804688,548.4856567382812,3995396.5
17,42990849.777777776,3024.139404296875,135.5884552001953,42990848.0,3982707.4609918795,690.64208984375,532.8120727539062,3982708.25
18,42534883.277777776,3045.9619140625,143.0164031982422,42534880.0,4001183.671113689,676.47509765625,508.8658142089844,4001184.25
19,42826141.44444445,2993.032958984375,129.19830322265625,42826140.0,3974131.481631864,678.7174682617188,538.31396484375,3974131.25
20,42697555.94444445,2991.450927734375,130.9687042236328,42697556.0,3985369.261117556,663.449951171875,518.5035400390625,3985368.5
21,42168903.666666664,2995.96435546875,133.6480712890625,42168908.0,3920256.5537388823,674.4597778320312,545.5012817382812,3920256.5
22,42030688.05555555,2975.086669921875,129.53121948242188,42030688.0,3874918.0439868523,664.0612182617188,540.689208984375,3874918.25
23,41036536.166666664,3023.153564453125,145.02354431152344,41036536.0,3834161.0247969837,658.28125,561.9154663085938,3834161.25
24,42088177.222222224,2916.091064453125,115.36055755615234,42088176.0,3774534.4622924523,654.29736328125,573.1111450195312,3774534.0
25,41079317.88888889,2955.80029296875,132.76515197753906,41079316.0,3827480.7442962104,629.1073608398438,542.5118408203125,3827480.75
26,40534090.333333336,2960.444580078125,137.1304931640625,40534092.0,3685709.6811557426,654.0416259765625,647.5093994140625,3685709.75
27,40721211.277777776,2919.531005859375,129.5683135986328,40721212.0,3717353.1437064963,625.3267822265625,575.52392578125,3717352.5
28,40377274.0,2879.587890625,121.54006958007812,40377272.0,3615017.645494973,630.7192993164062,631.7634887695312,3615017.5
29,39692970.38888889,2884.3291015625,127.34041595458984,39692968.0,3577627.803134667,622.626953125,645.202880859375,3577627.5
30,38658943.666666664,2920.886962890625,140.26715087890625,38658944.0,3516685.9100203016,623.4354248046875,683.78173828125,3516686.0
31,38592296.833333336,2864.390869140625,129.8837127685547,38592296.0,3433719.593472061,622.7406005859375,701.9578857421875,3433719.5
32,38152145.61111111,2856.347412109375,133.37057495117188,38152144.0,3403846.0405307426,621.9815063476562,769.50634765625,3403846.5
33,37249981.44444445,2870.31982421875,140.08319091796875,37249980.0,3353700.132008894,611.8275756835938,762.3064575195312,3353700.25
34,37263986.666666664,2817.61865234375,131.20042419433594,37263984.0,3205855.7748936582,625.97802734375,816.5847778320312,3205855.25
35,36437210.38888889,2854.47607421875,142.43453979492188,36437212.0,3314747.7004422853,599.3848266601562,856.28857421875,3314747.75
36,36024615.222222224,2869.0185546875,147.09634399414062,36024620.0,3166559.336910286,611.748046875,939.0266723632812,3166560.25
37,35674806.55555555,2836.640380859375,143.32855224609375,35674808.0,3090163.950381864,622.0260620117188,980.1700439453125,3090163.75
38,35016946.88888889,2845.055908203125,143.86239624023438,35016948.0,3094813.685850493,608.1765747070312,971.8380737304688,3094813.25
39,35509039.777777776,2757.036865234375,123.46495056152344,35509040.0,3069477.220417633,595.0909423828125,1006.4688720703125,3069476.75
40,35472586.166666664,2722.45263671875,117.54063415527344,35472584.0,2872775.9244731246,618.8866577148438,1100.20654296875,2872776.0
41,33821193.44444445,2846.504638671875,143.2460479736328,33821196.0,2951082.71633314,594.6322631835938,1057.4302978515625,2951082.75
42,34511360.777777776,2696.163818359375,113.69935607910156,34511360.0,2798618.8502030163,610.8328247070312,1055.7237548828125,2798618.75
43,34430718.777777776,2674.45654296875,109.32141876220703,34430720.0,2810796.0430201082,595.13232421875,1114.3953857421875,2810796.0
44,35213431.666666664,2608.263427734375,91.72091674804688,35213432.0,2784230.8616589326,586.4490966796875,1176.43310546875,2784230.75
45,33692221.722222224,2646.6083984375,105.88385772705078,33692224.0,2754362.985208817,586.1162109375,1289.5577392578125,2754362.5
46,32553497.166666668,2696.80029296875,114.33470153808594,32553496.0,2693196.0458720033,576.319580078125,1147.5147705078125,2693196.0
47,32012258.555555556,2698.692626953125,119.10564422607422,32012260.0,2593199.734532096,585.358154296875,1143.9542236328125,2593199.0
48,32063547.055555556,2644.701904296875,106.65834045410156,32063548.0,2511549.427349188,570.6123657226562,1070.64794921875,2511549.5
49,31318304.944444444,2662.0556640625,113.37020111083984,31318304.0,2495089.6498211524,564.2536010742188,1122.1080322265625,2495089.75
50,30662948.333333332,2663.50830078125,110.34158325195312,30662948.0,2390697.51570959,559.0816040039062,1178.13427734375,2390697.75
51,30770967.5,2595.92578125,98.05732727050781,30770968.0,2403286.3922201274,544.598876953125,1051.62109375,2403286.0
52,33289116.111111112,2526.1923828125,71.74761962890625,33289116.0,2292705.122099768,541.232666015625,1098.0567626953125,2292705.0
53,31765151.388888888,2496.27392578125,76.39127349853516,31765152.0,2340536.5390081205,529.6161499023438,1051.773193359375,2340537.0
54,31237848.166666668,2486.458984375,81.46509552001953,31237848.0,2259426.0641313805,521.670166015625,1045.9290771484375,2259426.25
55,29759908.555555556,2511.734619140625,91.19054412841797,29759908.0,2276008.8895494975,528.3599853515625,1175.7720947265625,2276009.0
56,29271381.333333332,2480.4384765625,85.99065399169922,29271382.0,2119747.3490429237,513.8297119140625,1006.656982421875,2119747.75
57,28394130.444444444,2463.9912109375,86.16294860839844,28394130.0,2048994.8295872004,504.5804748535156,1010.7687377929688,2048994.875
58,29094947.111111112,2437.271484375,78.47482299804688,29094948.0,1971305.5060270447,494.13238525390625,898.5579833984375,1971305.5
59,26904635.111111112,2440.327880859375,84.9669189453125,26904636.0,1828524.6558633023,501.34759521484375,1050.41796875,1828524.625
60,26015465.111111112,2430.1298828125,85.52162170410156,26015464.0,1826534.3448980085,475.56158447265625,913.265869140625,1826534.625
61,25762477.0,2391.05126953125,85.1009292602539,25762478.0,1583291.8755800463,469.7555236816406,861.0333251953125,1583291.875
62,24405499.111111112,2373.284423828125,85.30734252929688,24405498.0,1557989.1810288574,458.0819396972656,848.32421875,1557989.125
63,23379934.944444444,2370.558349609375,90.62594604492188,23379934.0,1496790.6815061872,453.9180603027344,999.505615234375,1496791.0
64,21602299.111111112,2398.2265625,100.78443145751953,21602298.0,1384680.9768223125,447.06231689453125,955.5266723632812,1384680.875
65,21254414.777777776,2348.973876953125,96.11173248291016,21254414.0,1347443.651815062,430.7091064453125,751.8359985351562,1347443.875
66,21276770.833333332,2297.114013671875,84.38565826416016,21276770.0,1275696.8800270688,433.5184020996094,989.992919921875,1275697.125
67,19882929.555555556,2275.859619140625,92.84069061279297,19882930.0,1137642.153228925,411.787353515625,700.5206298828125,1137642.25
68,19874289.833333332,2248.010009765625,92.78409576416016,19874292.0,1158381.9535479506,415.994873046875,839.58837890625,1158382.0
69,19170856.833333332,2221.9599609375,88.4055404663086,19170858.0,1138870.8968121617,403.8149719238281,767.9976806640625,1138871.0
70,18541930.055555556,2213.77294921875,93.38275146484375,18541928.0,1065991.8742628577,412.7043762207031,867.0230102539062,1065991.875
71,18245454.5,2188.332275390625,91.0866470336914,18245454.0,989725.0507178074,385.89349365234375,751.298095703125,989724.9375
72,19350675.444444444,2134.9560546875,74.01055908203125,19350678.0,946124.4318324632,387.6106872558594,867.6390991210938,946124.4375
73,17824031.055555556,2130.99951171875,86.02910614013672,17824032.0,906265.9814385151,379.6765441894531,836.003173828125,906266.125
74,16257343.944444444,2158.608642578125,90.15779876708984,16257344.0,827351.1430781129,368.0326843261719,801.379638671875,827351.0625
75,17765494.944444444,2060.75634765625,65.58794403076172,17765496.0,800205.903349768,354.5008850097656,748.8457641601562,800205.9375
76,17306470.833333332,2047.099609375,68.32642364501953,17306472.0,765812.7888872776,356.73602294921875,750.8358764648438,765812.6875
77,16317390.444444444,2005.54833984375,63.82676315307617,16317390.0,720327.1114051624,347.0379333496094,791.2910766601562,720327.0
78,14444144.944444444,2017.9090576171875,79.11420440673828,14444145.0,693863.8597194025,338.7293395996094,683.3497924804688,693864.0
79,14593548.833333334,1938.5184326171875,67.24169921875,14593548.0,648793.5021026682,342.88616943359375,836.27978515625,648793.375
80,13763775.888888888,1960.913818359375,77.51859283447266,13763776.0,594960.1632830626,334.2229919433594,835.4981689453125,594960.125
81,14756603.166666666,1896.16748046875,63.30595016479492,14756603.0,585733.8753051286,324.9080505371094,743.9398193359375,585733.625
82,13460597.055555556,1888.1654052734375,65.98059844970703,13460596.0,582892.9778615623,323.11041259765625,811.5630493164062,582893.0
83,12596644.388888888,1858.41162109375,69.94062805175781,12596644.0,545110.4635174981,312.4115295410156,848.8334350585938,545110.5
84,13183550.888888888,1810.18603515625,63.2484130859375,13183551.0,511235.35402165505,312.6307067871094,822.1817626953125,511235.46875
85,12306002.944444444,1787.52392578125,65.38858032226562,12306003.0,486676.7361272235,301.75567626953125,805.93115234375,486676.75
86,11823051.055555556,1758.3250732421875,65.52704620361328,11823052.0,486987.8245843001,293.1867980957031,690.9256591796875,486987.875
87,11204866.111111112,1760.1417236328125,62.1812744140625,11204867.0,448112.1936660141,301.1261901855469,807.1499633789062,448112.15625
88,11455541.166666666,1735.87109375,64.58853912353516,11455540.0,452481.9817285383,287.247802734375,751.5140380859375,452482.03125
89,10311707.027777778,1719.7662353515625,68.75768280029297,10311707.0,436729.655645785,289.74334716796875,794.0860595703125,436729.65625
90,11335829.777777778,1710.37451171875,61.08478546142578,11335830.0,416896.0351290603,288.3132629394531,767.9564819335938,416896.09375
91,10701761.833333334,1690.091064453125,58.26015853881836,10701762.0,420414.52029860305,275.64434814453125,690.6182250976562,420414.40625
92,9835676.444444444,1696.6640625,67.76200103759766,9835676.0,429806.1882371423,274.2070617675781,631.0947875976562,429806.1875
93,11025796.111111112,1691.10009765625,64.60286712646484,11025796.0,402747.99977341935,286.6479797363281,852.5758666992188,402747.96875
94,9916024.055555556,1695.6279296875,64.22271728515625,9916024.0,410103.6310784029,270.34527587890625,634.6558227539062,410103.6875
95,10659486.611111112,1691.4989013671875,59.88379669189453,10659486.0,423960.718671452,268.61651611328125,637.1736450195312,423960.6875
96,9915641.166666666,1642.93603515625,58.44240951538086,9915641.0,432435.2139404486,264.7070007324219,555.5542602539062,432435.125
97,9602686.611111112,1673.45361328125,67.1282958984375,9602686.0,401342.4810125435,261.369873046875,632.5342407226562,401342.46875
98,9460416.416666666,1637.1708984375,63.72107696533203,9460416.0,399133.8575744393,272.74737548828125,761.6156005859375,399133.84375
99,10956952.444444444,1695.8555908203125,62.03432083129883,10956953.0,400404.59727861563,264.8763122558594,613.931396484375,400404.625
100,9331756.166666666,1611.11962890625,65.05255126953125,9331756.0,412875.9468955433,264.6204528808594,617.1506958007812,412876.0
101,9401271.944444444,1615.4954833984375,64.38982391357422,9401271.0,381494.0689348898,261.3565979003906,627.2171020507812,381494.0625
102,9178220.583333334,1592.333740234375,67.67862701416016,9178220.0,394276.7962949536,262.4869689941406,594.3792724609375,394276.8125
103,9357994.388888888,1604.642333984375,64.82688903808594,9357994.0,376998.5254888099,258.9344482421875,687.5612182617188,376998.5
104,8662817.083333334,1584.145751953125,67.39134216308594,8662817.0,376087.0963904196,261.308837890625,619.3282470703125,376087.09375
105,9136203.555555556,1587.6668701171875,59.3865966796875,9136204.0,366224.35435095226,260.69708251953125,641.732666015625,366224.34375
106,9049752.611111112,1583.18115234375,65.330810546875,9049753.0,364120.281129157,260.5321044921875,612.3026733398438,364120.21875
107,9642520.0,1636.3614501953125,64.12678527832031,9642521.0,364022.97263510246,251.9906768798828,560.9390258789062,364022.96875
108,8932605.055555556,1564.443359375,56.4698486328125,8932604.0,355456.37901198765,251.9637908935547,526.8057861328125,355456.34375
109,8213767.972222222,1559.471923828125,62.02705383300781,8213768.0,348377.2384715777,244.89263916015625,521.5696411132812,348377.21875
110,8409489.888888888,1535.01611328125,55.09215545654297,8409490.0,355052.54248235695,256.3218078613281,531.2833251953125,355052.46875
111,7787121.777777778,1529.5574951171875,63.10350036621094,7787122.0,342098.60663186386,248.58316040039062,560.0994873046875,342098.625
112,8111052.888888889,1527.56201171875,64.21282958984375,8111052.5,338107.79784174403,241.25819396972656,495.539306640625,338107.8125
113,7650090.0,1524.6763916015625,65.08624267578125,7650090.0,330391.55562403327,239.54710388183594,438.68011474609375,330391.5
114,9058501.055555556,1564.85400390625,51.54822540283203,9058501.0,349293.1035684938,255.60008239746094,521.1868896484375,349293.1875
115,7488182.583333333,1485.2139892578125,55.38447189331055,7488183.0,333309.0579985982,229.9186248779297,419.66094970703125,333309.0
116,8275853.944444444,1500.34814453125,58.29340362548828,8275854.0,345993.21137857693,254.60910034179688,647.0722045898438,345993.25
117,8473201.277777778,1511.4168701171875,54.14257049560547,8473202.0,332698.32130492316,238.75732421875,523.2623291015625,332698.3125
118,9281552.388888888,1544.934814453125,51.184818267822266,9281553.0,322579.51425041084,224.92578125,455.00323486328125,322579.46875
119,8098458.111111111,1474.57861328125,52.67601776123047,8098458.0,330277.77633168985,229.58348083496094,472.73956298828125,330277.71875
120,8023795.583333333,1486.378662109375,57.08937072753906,8023795.5,321230.82181246375,227.1610107421875,501.7696838378906,321230.90625
121,8601656.388888888,1552.89111328125,54.730613708496094,8601656.0,325880.8736223898,230.76622009277344,496.8690185546875,325880.875
122,8647932.944444444,1478.5679931640625,51.462730407714844,8647932.0,338277.0455578113,221.0118865966797,352.6437072753906,338277.03125
123,8074593.527777778,1450.882568359375,51.00271224975586,8074594.0,324511.4127573956,230.1728973388672,443.0061950683594,324511.34375
124,9122106.333333334,1564.46240234375,53.16127014160156,9122106.0,311549.85325467965,220.15267944335938,449.49072265625,311549.8125
125,8409734.277777778,1499.745849609375,55.20183181762695,8409734.0,318859.35403071827,224.2375030517578,469.2623291015625,318859.46875
126,7998167.75,1450.320068359375,53.01880645751953,7998168.0,308635.8454327388,217.6732177734375,442.7999267578125,308635.8125
127,7042498.416666667,1459.82080078125,62.74972152709961,7042498.0,308998.7389126547,226.6005096435547,453.9333801269531,308998.75
128,6859271.944444444,1412.742919921875,52.86919021606445,6859272.0,314927.5271111272,232.92515563964844,474.561279296875,314927.59375
129,7727904.722222222,1444.1033935546875,52.30271911621094,7727905.0,309297.513328983,219.14697265625,450.7210388183594,309297.46875
130,9319518.888888888,1566.9844970703125,48.95242691040039,9319519.0,302741.2192545195,209.37664794921875,359.703125,302741.21875
131,7930643.666666667,1446.74951171875,46.73772430419922,7930643.5,305197.17529485695,214.45645141601562,437.86480712890625,305197.15625
132,7287253.888888889,1419.7947998046875,50.64988327026367,7287254.0,301207.83631513437,217.89337158203125,443.5064697265625,301207.9375
133,7980232.388888889,1498.9852294921875,58.42694854736328,7980233.0,301312.63634111563,225.31655883789062,501.1513977050781,301312.625
134,9605376.166666666,1621.4173583984375,52.08552551269531,9605376.0,295419.552675464,210.96163940429688,395.9529113769531,295419.53125
135,7499075.361111111,1452.50341796875,55.93337631225586,7499075.5,293552.89347387373,210.46104431152344,402.15399169921875,293552.84375
136,7761195.416666667,1451.7178955078125,49.33420944213867,7761195.5,305659.3896461717,214.20497131347656,338.5540771484375,305659.40625
137,8631046.194444444,1545.7760009765625,55.67231369018555,8631046.0,298814.3685530259,216.2085723876953,428.6556396484375,298814.40625
138,7131533.75,1416.859130859375,56.5761604309082,7131533.5,282702.3979994441,212.4944610595703,450.7303161621094,282702.375
139,7682402.722222222,1487.2667236328125,59.71187210083008,7682402.5,290886.6017528277,225.228271484375,536.0950927734375,290886.625
140,8931590.277777778,1603.488037109375,54.3966178894043,8931590.0,290397.86783401005,212.673583984375,389.09344482421875,290397.90625
141,7867721.777777778,1461.49755859375,48.36192321777344,7867722.0,288804.23770422465,216.4547576904297,462.64593505859375,288804.3125
142,7707535.972222222,1473.564453125,55.831539154052734,7707536.0,284577.52596765035,213.4759979248047,408.7332763671875,284577.53125
143,8068311.75,1498.1917724609375,54.163570404052734,8068312.0,284404.99944563274,206.19461059570312,428.2480163574219,284404.90625
144,7039462.916666667,1401.4017333984375,50.6566047668457,7039463.0,294636.50646510057,207.1659393310547,420.1222839355469,294636.5625
145,9902399.0,1699.00537109375,56.65127182006836,9902399.0,309087.38559188903,217.2818603515625,373.4097900390625,309087.34375
146,6968733.166666667,1424.1336669921875,57.61402130126953,6968733.0,277519.92757274746,211.3551788330078,459.9889831542969,277519.90625
147,7900582.138888889,1513.1441650390625,51.43272399902344,7900582.0,272913.22126466734,206.4019012451172,398.2518005371094,272913.21875
148,8049423.444444444,1553.255859375,58.86308288574219,8049423.0,269724.4708526682,207.1925048828125,428.5758361816406,269724.5
149,6781468.055555556,1403.1751708984375,57.48014450073242,6781468.5,286955.7802470031,212.26199340820312,431.7001037597656,286955.8125
150,7471111.277777778,1475.46875,56.15507125854492,7471111.0,269306.91254592035,207.86793518066406,419.73773193359375,269306.875
151,7894309.472222222,1529.1492919921875,54.37067413330078,7894309.5,265510.96678630123,204.22702026367188,411.50140380859375,265511.0
152,7486524.027777778,1481.196533203125,55.19607925415039,7486523.5,275020.14143464813,212.23001098632812,424.40008544921875,275020.1875
153,6948246.972222222,1403.8028564453125,51.41608810424805,6948247.0,281921.28221070184,209.71849060058594,405.6692199707031,281921.28125
154,7087370.861111111,1435.0224609375,57.38728713989258,7087370.5,266087.6086016048,209.7815704345703,453.9659118652344,266087.59375
155,6721983.666666667,1383.3406982421875,53.02960968017578,6721983.5,272260.0212321152,204.68994140625,414.5496826171875,272260.0625
156,7109824.333333333,1430.5584716796875,58.10743713378906,7109825.0,261441.99291860015,198.49014282226562,429.1048889160156,261441.953125
157,7831639.361111111,1500.572509765625,54.08723449707031,7831639.0,272733.5546149942,211.69357299804688,422.171875,272733.5625
158,7322739.5,1452.8675537109375,54.65629196166992,7322740.0,272323.7187530211,203.7903594970703,404.6824645996094,272323.65625
159,7454170.75,1503.8343505859375,61.23657989501953,7454170.5,269403.9273310615,203.7052459716797,361.97515869140625,269403.90625
160,7833399.388888889,1551.4381103515625,59.18846130371094,7833399.0,262218.1144564482,208.9445343017578,442.2469177246094,262218.0625
161,6986940.805555556,1444.91259765625,60.60990524291992,6986940.5,260405.6410237819,207.14205932617188,410.7031555175781,260405.6875
162,6848926.472222222,1424.678466796875,58.08115005493164,6848927.0,268988.70472616976,212.79830932617188,472.3579406738281,268988.6875
163,7950361.611111111,1540.3447265625,59.59473419189453,7950362.0,260665.90403253093,203.7884063720703,399.7673645019531,260665.9375
164,7166883.555555556,1467.2059326171875,60.18685531616211,7166883.5,255532.53489115066,206.9466552734375,427.4874267578125,255532.59375
165,7601333.111111111,1509.2906494140625,58.06458282470703,7601333.5,271276.60358662024,205.93374633789062,425.7778015136719,271276.53125
166,6436946.388888889,1381.350341796875,57.17097854614258,6436946.5,265732.88220224285,205.1730499267578,387.0446472167969,265732.9375
167,6782802.861111111,1392.182373046875,52.39125061035156,6782803.0,260264.94146969257,201.352294921875,411.1157531738281,260264.90625
168,6874356.25,1425.9676513671875,52.46778869628906,6874356.5,258617.4372824826,204.2600555419922,457.4408264160156,258617.4375
169,7051054.777777778,1413.64501953125,50.32500076293945,7051054.5,272816.6920739076,208.1116180419922,411.7610168457031,272816.71875
170,6870152.916666667,1399.47900390625,50.666690826416016,6870153.0,258041.6767940654,199.09812927246094,454.79339599609375,258041.671875
171,7370473.333333333,1463.988037109375,53.09454345703125,7370474.0,270886.8590728925,198.73403930664062,397.10369873046875,270886.90625
172,6637715.083333333,1398.62548828125,51.53152084350586,6637715.5,251337.51891646124,195.825927734375,373.0108337402344,251337.53125
173,6814935.583333333,1409.5091552734375,52.093135833740234,6814935.0,263443.3061980375,200.44813537597656,393.5876159667969,263443.25
174,6530277.583333333,1384.02685546875,53.40682601928711,6530278.0,257372.55979009572,201.05967712402344,427.81976318359375,257372.578125
175,6341374.777777778,1372.5335693359375,54.816165924072266,6341374.5,251395.58394963265,201.66966247558594,455.9989318847656,251395.515625
176,6935670.25,1413.51220703125,55.35306167602539,6935671.0,261234.71998864075,203.17196655273438,410.0577697753906,261234.734375
177,6819112.416666667,1435.90185546875,53.74519348144531,6819113.0,265362.86874033255,203.93948364257812,419.2240905761719,265362.90625
178,6778294.555555556,1406.51220703125,48.0650749206543,6778294.5,268155.3816161543,202.2273406982422,375.364013671875,268155.40625
179,7519482.666666667,1495.37646484375,59.80732727050781,7519483.5,247300.16858580458,198.3336944580078,397.8252258300781,247300.15625
180,6450304.361111111,1379.849853515625,48.815582275390625,6450304.0,264257.1575188515,200.4075469970703,435.3741760253906,264257.125
181,6823896.111111111,1427.62060546875,54.10470962524414,6823895.5,252500.56018585654,198.1134796142578,415.0561828613281,252500.59375
182,7197782.888888889,1463.788330078125,58.25005340576172,7197782.5,249155.02461571925,194.34127807617188,424.6949462890625,249155.046875
183,6653529.083333333,1417.881591796875,53.448246002197266,6653529.5,251719.14688391218,196.52346801757812,423.8216857910156,251719.171875
184,6100556.638888889,1344.09423828125,50.637725830078125,6100557.0,256079.43228562453,202.0919952392578,398.19549560546875,256079.421875
185,7014085.0,1458.6435546875,59.77604293823242,7014085.0,247574.8338318107,191.2580108642578,397.1772155761719,247574.9375
186,6060589.222222222,1362.672119140625,58.66461944580078,6060589.5,251702.1449300319,204.06771850585938,434.0635070800781,251702.125
187,6283708.666666667,1388.8736572265625,58.12104797363281,6283709.5,253731.22994761457,192.1894989013672,368.3341369628906,253731.1875
188,6381426.333333333,1409.2083740234375,54.67085266113281,6381426.5,247972.79717559696,193.61253356933594,416.07244873046875,247972.796875
189,6454335.833333333,1393.4625244140625,52.26063537597656,6454335.5,236664.05152141338,190.296875,404.152587890625,236664.03125
190,6438015.222222222,1378.072265625,51.51179504394531,6438015.0,243039.73304572699,186.44276428222656,383.9790344238281,243039.703125
191,6400681.083333333,1415.014404296875,56.16115951538086,6400681.0,237567.2804161833,186.58154296875,397.7975769042969,237567.3125
192,5748879.638888889,1337.334716796875,55.33055877685547,5748879.5,239862.9573816947,190.92474365234375,436.8019714355469,239862.984375
193,6537777.888888889,1448.45361328125,52.65055847167969,6537778.0,241908.27164449196,191.392333984375,391.7397155761719,241908.265625
194,5990287.916666667,1342.9063720703125,53.949058532714844,5990288.0,236632.2914914443,184.0167694091797,372.9486083984375,236632.296875
195,6733140.666666667,1442.116455078125,50.301639556884766,6733140.5,235439.35396123357,184.49044799804688,381.23834228515625,235439.34375
196,5421904.611111111,1275.710205078125,53.210533142089844,5421905.0,235994.50835025136,182.92210388183594,414.3971862792969,235994.453125
197,7039133.833333333,1491.969970703125,53.37137985229492,7039134.0,243640.5157941802,185.12513732910156,352.8421630859375,243640.453125
198,6186009.472222222,1380.853515625,50.9082145690918,6186010.0,238219.74375543793,187.6088409423828,389.3282775878906,238219.703125
199,5321233.625,1281.6214599609375,48.809173583984375,5321233.5,239435.61762555587,189.6363525390625,399.49774169921875,239435.625
200,5789749.861111111,1343.6956787109375,55.46906280517578,5789750.0,232473.73036905454,185.75852966308594,327.39666748046875,232473.765625
201,5411505.555555556,1314.0609130859375,54.97297286987305,5411505.5,236556.65113229892,194.4672088623047,392.4704284667969,236556.703125
202,5632493.972222222,1352.5386962890625,52.258060455322266,5632494.0,230232.8871966463,195.13063049316406,391.5657958984375,230232.84375
203,5625442.083333333,1307.6112060546875,52.66474533081055,5625442.0,237188.08398588555,182.7175750732422,320.9666442871094,237188.0625
204,5190273.597222222,1245.356689453125,45.51271057128906,5190274.0,237741.6649929911,192.25106811523438,411.67059326171875,237741.65625
205,5998798.111111111,1364.5462646484375,52.51402282714844,5998798.0,236598.85648005485,187.2239227294922,396.138427734375,236598.84375
206,6085471.472222222,1380.0426025390625,54.98296356201172,6085471.0,237899.9360060784,189.73597717285156,381.4505310058594,237899.859375
207,5649335.222222222,1337.985107421875,51.82500457763672,5649335.0,231226.3111752586,186.88307189941406,380.0087585449219,231226.3125
208,5989378.111111111,1349.5892333984375,48.22970962524414,5989378.0,248682.59837375532,187.8462677001953,346.59033203125,248682.609375
209,6535705.611111111,1456.4591064453125,50.053733825683594,6535706.0,238812.19261770108,182.80154418945312,375.3448486328125,238812.15625
210,6337530.555555556,1380.6357421875,49.813995361328125,6337531.0,246696.4602003577,195.5588836669922,368.3816833496094,246696.484375
211,6727526.638888889,1496.4576416015625,53.802059173583984,6727526.5,238301.24610281322,190.14561462402344,385.4118957519531,238301.296875
212,5996823.333333333,1373.10595703125,52.033966064453125,5996823.0,224052.72773316657,178.9464874267578,360.6076354980469,224052.734375
213,5725237.972222222,1309.1949462890625,45.86443328857422,5725238.0,225700.0596681198,184.80828857421875,358.4466247558594,225700.15625
214,5758210.888888889,1315.2685546875,50.81294250488281,5758210.5,240420.82852982407,184.55279541015625,350.5478515625,240420.796875
215,5463912.527777778,1284.3875732421875,52.06202697753906,5463912.5,225608.13695892546,183.30422973632812,392.76495361328125,225608.09375
216,5323196.75,1288.3505859375,51.22823715209961,5323197.0,220509.50299388534,182.22760009765625,350.4259338378906,220509.46875
217,5283774.75,1269.4521484375,50.90818405151367,5283774.5,236286.42971468967,186.1840362548828,349.05926513671875,236286.46875
218,5392628.75,1298.907958984375,52.59172821044922,5392628.5,224680.93303485113,182.09213256835938,359.7674560546875,224681.015625
219,5337494.027777778,1329.1055908203125,55.622982025146484,5337494.0,224568.89629857888,186.3997802734375,389.93719482421875,224568.953125
220,5454595.694444444,1295.12255859375,48.93797302246094,5454595.5,220227.2040116855,177.35400390625,340.5858154296875,220227.1875
221,5763808.222222222,1328.467529296875,47.37968826293945,5763808.5,232744.55517993524,184.03280639648438,358.8853454589844,232744.53125
222,5494404.5,1304.5926513671875,51.95444107055664,5494405.0,229394.69048935373,173.82484436035156,326.3277282714844,229394.703125
223,5008867.180555556,1264.66259765625,57.24013900756836,5008866.5,223225.6127857937,178.29208374023438,342.3849182128906,223225.609375
224,5406627.0,1291.275634765625,50.38740539550781,5406627.0,226623.1947928751,187.9141082763672,327.5851135253906,226623.203125
225,5239023.222222222,1292.3939208984375,50.95006561279297,5239023.0,232748.31042754254,185.667724609375,366.0362854003906,232748.328125
226,5746144.138888889,1320.560302734375,46.84175109863281,5746144.5,225868.42248525715,184.50241088867188,355.528564453125,225868.421875
227,5818170.944444444,1359.7200927734375,47.82828903198242,5818171.0,224365.10355036735,177.55538940429688,316.3519287109375,224365.09375
228,5877615.5,1352.051513671875,48.72018814086914,5877615.5,233948.0370685905,192.0776824951172,340.6229553222656,233948.015625
229,5111069.041666667,1265.7681884765625,48.097537994384766,5111069.0,224473.37917361513,183.1313934326172,344.0318908691406,224473.375
230,5803677.611111111,1342.467041015625,52.48604202270508,5803678.0,235827.32461356674,189.49903869628906,333.46881103515625,235827.328125
231,5558016.305555556,1306.040771484375,48.3647346496582,5558016.0,227507.2403367139,192.2215118408203,328.9220886230469,227507.25
232,5278309.111111111,1293.52734375,50.47584533691406,5278309.0,219328.05272078016,183.3931427001953,349.5494384765625,219328.046875
233,5725954.194444444,1328.92041015625,51.82890701293945,5725954.0,217989.57657518852,172.79783630371094,308.5014343261719,217989.5625
234,4834270.75,1223.9620361328125,52.07855987548828,4834271.0,225397.24357417342,177.33926391601562,332.3484802246094,225397.234375
235,5079672.972222222,1247.2916259765625,49.96159362792969,5079673.0,219880.20893754833,174.14732360839844,331.3719787597656,219880.234375
236,5205284.388888889,1271.941162109375,46.90510559082031,5205284.5,223666.8915147066,190.16915893554688,401.510986328125,223666.859375
237,4850539.722222222,1222.3311767578125,49.7698974609375,4850540.0,211466.8257927301,177.34622192382812,355.3213806152344,211466.8125
238,4878621.777777778,1234.95458984375,47.60369110107422,4878622.0,216878.6832402842,178.33621215820312,323.61871337890625,216878.671875
239,5493583.527777778,1293.03076171875,52.40715408325195,5493583.5,226026.4463789395,186.7563018798828,340.8433532714844,226026.421875
240,4706176.083333333,1219.9168701171875,50.297569274902344,4706176.0,218075.03489643754,175.56167602539062,329.97601318359375,218075.03125
241,5938162.416666667,1417.151611328125,51.74180221557617,5938162.5,213051.09536325405,181.42233276367188,368.6045837402344,213051.125
242,4658025.555555556,1189.3004150390625,45.70470428466797,4658025.5,216009.70757504352,174.17654418945312,352.1568908691406,216009.671875
243,4532311.833333333,1193.5255126953125,51.33866500854492,4532312.0,222778.5062777939,186.9292449951172,369.618896484375,222778.484375
244,5070425.027777778,1265.74169921875,46.66576385498047,5070425.0,224583.14815351894,177.0762481689453,304.3247375488281,224583.171875
245,5512182.416666667,1359.806396484375,49.36634063720703,5512182.0,215173.69913113883,174.9514617919922,312.5234375,215173.6875
246,5205090.805555556,1252.3748779296875,48.60799789428711,5205090.5,215644.59190714423,177.017822265625,368.7851257324219,215644.578125
247,4507419.041666667,1201.3375244140625,47.65728759765625,4507419.0,215980.67297844766,181.22975158691406,388.917236328125,215980.71875
248,4791721.625,1232.31201171875,49.63547134399414,4791722.0,215300.91636758024,176.17018127441406,341.67767333984375,215300.953125
249,5250115.638888889,1303.071533203125,47.0848388671875,5250115.0,217516.75400367967,179.3813018798828,365.3392639160156,217516.75
250,4823468.763888889,1229.6748046875,49.12025833129883,4823468.5,215576.57210701855,175.31585693359375,359.3145446777344,215576.53125
251,4514549.402777778,1194.2215576171875,49.75685119628906,4514550.0,215311.87402419277,175.09918212890625,358.5222473144531,215311.90625
252,4343625.263888889,1199.85791015625,59.22930145263672,4343625.0,213173.80951819895,177.6855010986328,352.0411376953125,213173.828125
253,5171803.111111111,1283.54931640625,47.482147216796875,5171803.5,220766.63299980666,188.4231414794922,325.656982421875,220766.640625
254,4723092.763888889,1218.312744140625,47.1991081237793,4723093.0,217055.48373453208,177.90457153320312,334.1112976074219,217055.484375
255,4797801.875,1210.5792236328125,47.88709259033203,4797802.0,220380.69305877804,191.44020080566406,403.4066162109375,220380.6875
256,5351354.444444444,1321.74462890625,49.96746826171875,5351354.5,215100.92200037462,177.0471954345703,349.0273132324219,215100.875
257,5117936.666666667,1266.546875,46.42927551269531,5117937.0,207394.65634365333,180.36248779296875,375.9327392578125,207394.625
258,4700149.291666667,1220.13623046875,45.76595687866211,4700149.5,209637.5830584155,171.39878845214844,322.4515380859375,209637.546875
259,4732130.236111111,1188.28515625,44.54613494873047,4732130.0,209655.2400159135,180.07215881347656,397.898193359375,209655.234375
260,4503305.958333333,1188.232177734375,48.83806228637695,4503306.0,222314.7208405839,189.2337188720703,431.0266418457031,222314.765625
261,4519776.583333333,1165.19287109375,39.12591552734375,4519776.5,207879.02327134088,173.74420166015625,350.89886474609375,207879.046875
262,4355875.027777778,1143.8720703125,45.1907844543457,4355875.0,210745.49400165555,172.94662475585938,334.39776611328125,210745.484375
263,5000368.944444444,1282.6888427734375,52.18154525756836,5000369.0,206878.51340148877,177.38548278808594,390.4524841308594,206878.484375
264,4124348.388888889,1130.998779296875,49.91904067993164,4124348.5,208749.65848257445,171.28260803222656,347.0644226074219,208749.65625
265,4894198.333333333,1249.4608154296875,50.89759063720703,4894198.0,209322.02058107356,185.6270294189453,381.9970397949219,209322.046875
266,4451171.958333333,1148.821533203125,44.77873229980469,4451172.0,214147.7548171041,175.56533813476562,350.62353515625,214147.734375
267,4455726.263888889,1178.34716796875,46.42001724243164,4455726.0,212579.9526174594,177.6072540283203,358.9830627441406,212579.9375
268,4809277.583333333,1254.31396484375,42.75616455078125,4809278.0,208045.5446065503,174.1138153076172,352.5710144042969,208045.5625
269,4798085.069444444,1261.7916259765625,45.428955078125,4798085.0,211519.4669396208,175.66807556152344,372.9669494628906,211519.484375
270,4360420.291666667,1146.9754638671875,46.363059997558594,4360420.5,212578.7041718025,179.2525177001953,396.5276794433594,212578.71875
271,4536498.208333333,1191.9974365234375,50.1284065246582,4536498.0,205530.31472351123,170.4102325439453,383.3974304199219,205530.3125
272,4445144.944444444,1159.516845703125,46.07595443725586,4445145.0,198996.75632915215,170.29534912109375,368.9581604003906,198996.75
273,4825075.555555556,1230.08984375,48.45463943481445,4825075.5,212699.5332801624,176.30374145507812,357.87066650390625,212699.515625
274,4130766.1805555555,1118.36328125,47.96535873413086,4130766.25,211954.50861610594,182.3036346435547,372.6014709472656,211954.53125
275,4499945.861111111,1168.6387939453125,46.823246002197266,4499946.0,212230.87330140057,173.0052947998047,379.63946533203125,212230.859375
276,4566751.486111111,1196.004150390625,45.23411178588867,4566751.0,210238.9105671162,173.07188415527344,365.3534851074219,210238.90625
277,4607809.75,1230.353515625,49.68540573120117,4607810.0,206442.87105806355,179.11404418945312,377.553955078125,206442.859375
278,5101716.166666667,1296.0506591796875,50.39186477661133,5101716.5,212471.00441076953,171.54742431640625,352.55499267578125,212471.046875
279,4615311.430555556,1179.66162109375,46.635929107666016,4615311.5,204888.85569268718,168.97091674804688,354.5138854980469,204888.84375
280,4575658.472222222,1229.82373046875,47.23985290527344,4575658.5,203276.50931699536,174.3760223388672,389.07562255859375,203276.5
281,4723348.722222222,1242.6551513671875,48.54996871948242,4723348.5,200189.79495963844,173.7319793701172,339.5500793457031,200189.75
282,4126741.027777778,1160.9061279296875,47.30218505859375,4126741.0,205695.39171862917,177.05422973632812,357.1679382324219,205695.375
283,4937768.555555556,1276.9521484375,48.71637725830078,4937768.5,205074.94864474575,172.99916076660156,369.71240234375,205074.953125
284,4865934.472222222,1259.355224609375,48.68257141113281,4865934.0,201663.7937670691,169.22308349609375,383.94635009765625,201663.75
285,4557379.611111111,1202.8441162109375,45.85063552856445,4557379.5,202820.26128673626,170.43882751464844,359.0164489746094,202820.3125
286,4499091.222222222,1190.304443359375,46.633445739746094,4499091.5,202896.16536458334,175.15997314453125,399.35455322265625,202896.125
287,3936872.2083333335,1107.8223876953125,45.669395446777344,3936872.0,202220.06199548047,168.4249267578125,353.7469177246094,202220.078125
288,4292675.027777778,1167.8765869140625,45.94618606567383,4292675.5,202827.12208164154,175.46041870117188,396.682861328125,202827.109375
289,4892643.055555556,1237.76171875,41.8304443359375,4892643.0,205797.96364287267,170.5426025390625,325.464111328125,205797.9375
290,5445696.833333333,1330.8743896484375,47.49668502807617,5445697.0,207879.01489389985,181.79403686523438,383.58599853515625,207879.03125
291,4182306.2083333335,1142.294677734375,44.603858947753906,4182306.25,205120.9684599768,179.08035278320312,376.1739807128906,205120.953125
292,4169464.7083333335,1152.9462890625,46.49441146850586,4169465.0,200515.50493945766,173.46566772460938,365.10015869140625,200515.5
293,4618421.708333333,1201.9378662109375,50.50492858886719,4618422.0,200687.8810768924,174.59791564941406,345.5361022949219,200687.875
294,4294412.694444444,1169.2198486328125,46.62346267700195,4294413.0,194919.0259057183,171.99305725097656,361.3744201660156,194919.015625
295,4225030.805555556,1135.3956298828125,44.36384582519531,4225030.5,203538.6410388873,172.67532348632812,381.8988952636719,203538.640625
296,4344936.708333333,1191.7882080078125,49.9211311340332,4344937.0,194951.17793376595,171.01165771484375,377.80419921875,194951.171875
297,4724508.597222222,1250.97216796875,47.17947006225586,4724508.5,195128.4767800174,173.01739501953125,362.3927307128906,195128.46875
298,4801400.75,1251.14501953125,45.83681869506836,4801400.5,195352.77248888245,168.14309692382812,376.1891784667969,195352.765625
299,4748936.861111111,1229.579833984375,49.68560028076172,4748937.0,191800.79293853926,169.65834045410156,411.0363464355469,191800.796875
300,4691514.916666667,1191.8525390625,48.06092834472656,4691515.0,198191.55252743137,177.61453247070312,406.7713623046875,198191.546875
301,3851720.4166666665,1072.015869140625,43.034873962402344,3851720.5,195717.8839771244,168.8854217529297,355.2154846191406,195717.875
302,4396497.361111111,1202.660888671875,50.11272048950195,4396497.5,208526.08879543698,181.2942352294922,381.5762939453125,208526.078125
303,4336431.055555556,1147.540771484375,44.58879089355469,4336431.0,195972.50553763052,183.40809631347656,375.7918701171875,195972.5
304,4790681.722222222,1273.4622802734375,45.32405471801758,4790681.5,208029.8374993958,178.12551879882812,376.9826354980469,208029.875
305,4202558.0,1159.519287109375,42.79271697998047,4202558.0,210414.50563430492,184.78343200683594,410.2440490722656,210414.5
306,4610674.888888889,1242.5438232421875,47.38105773925781,4610675.0,203389.91711076468,176.2275848388672,359.367919921875,203389.921875
307,4373370.555555556,1184.80419921875,46.827632904052734,4373370.5,202895.01030941852,175.3060302734375,344.268310546875,202895.03125
308,4476012.236111111,1208.5484619140625,45.3482666015625,4476012.5,199389.50954659705,168.99916076660156,328.1777648925781,199389.484375
309,5119923.5,1307.1241455078125,47.62373733520508,5119923.5,197631.70001933488,167.2316131591797,354.18072509765625,197631.640625
310,4818970.138888889,1268.6029052734375,47.9429817199707,4818970.0,202292.4029117121,167.96466064453125,348.9717102050781,202292.453125
311,3911912.222222222,1055.41162109375,40.17792510986328,3911912.0,199017.9835411833,171.85552978515625,362.94329833984375,199018.0
312,4132861.1805555555,1138.6796875,44.99174118041992,4132861.25,192029.03185119393,174.14361572265625,388.5108642578125,192029.03125
313,3841099.3333333335,1104.032958984375,45.85111618041992,3841099.0,195500.61941705336,165.43020629882812,362.90594482421875,195500.625
314,3949992.4444444445,1079.5826416015625,42.519691467285156,3949992.5,206828.78110196732,177.17794799804688,363.0460510253906,206828.765625
315,3542778.5625,1022.789306640625,43.36100769042969,3542778.5,192180.39934533305,164.19415283203125,341.0836181640625,192180.375
316,3598627.3333333335,1073.1094970703125,44.79304122924805,3598627.25,190041.28507468099,165.19119262695312,346.97808837890625,190041.265625
317,3966992.736111111,1108.5533447265625,44.68235778808594,3966993.0,193916.57456013147,173.93966674804688,376.4428405761719,193916.59375
318,4140284.013888889,1131.68212890625,41.70295333862305,4140284.0,191837.72261848656,166.9832305908203,391.62615966796875,191837.6875
319,4657983.833333333,1221.48681640625,41.28160858154297,4657983.5,194527.21451143175,164.85464477539062,335.7020568847656,194527.25
320,4494709.166666667,1193.65185546875,40.54774475097656,4494709.5,190064.6639899942,166.4646453857422,384.77178955078125,190064.625
321,4179699.9444444445,1139.1236572265625,41.85049057006836,4179700.0,197527.83797672563,168.86279296875,347.77374267578125,197527.8125
322,4800253.805555556,1216.5511474609375,46.22452163696289,4800253.5,196019.06499238688,171.43959045410156,373.0599670410156,196019.0625
323,4543681.847222222,1250.69580078125,45.21352767944336,4543682.0,196243.36650473706,174.1657257080078,388.44775390625,196243.359375
324,4122398.7916666665,1126.8397216796875,43.87990951538086,4122399.0,197926.7595919132,169.61715698242188,394.99554443359375,197926.765625
325,4310996.722222222,1168.439697265625,45.509925842285156,4310997.0,189240.08596771074,164.60183715820312,403.907958984375,189240.0625
326,4604445.347222222,1248.6290283203125,45.32393264770508,4604445.5,196378.7648561364,169.22654724121094,366.5177917480469,196378.75
327,3945705.777777778,1095.85546875,43.67426681518555,3945705.75,196918.20932575647,170.71670532226562,358.88604736328125,196918.21875
328,4289132.402777778,1157.7286376953125,47.495235443115234,4289132.5,190929.3292378885,173.13339233398438,411.6420593261719,190929.34375
329,4020911.625,1128.6527099609375,43.97099304199219,4020911.5,190007.53095091358,174.01731872558594,387.8157653808594,190007.53125
330,3987622.625,1111.59521484375,44.20626449584961,3987622.25,197938.62519259352,169.63534545898438,389.3694152832031,197938.625
331,5068132.111111111,1274.58544921875,47.96284103393555,5068132.0,191331.71039672758,168.22354125976562,390.6475830078125,191331.71875
332,4602499.305555556,1241.1339111328125,45.71599578857422,4602499.0,212357.68043295026,183.57688903808594,364.61260986328125,212357.671875
333,3693054.763888889,1045.564208984375,40.052791595458984,3693054.25,190404.31302642231,167.01779174804688,340.1841735839844,190404.375
334,4080389.1944444445,1120.8765869140625,39.944400787353516,4080389.25,193277.41493861176,165.54452514648438,390.61639404296875,193277.421875
335,4316550.125,1187.51513671875,43.22886276245117,4316550.0,189859.69307690448,164.37652587890625,400.3199157714844,189859.703125
336,3816351.472222222,1067.43505859375,40.85175323486328,3816351.5,185213.1461603647,164.93943786621094,398.59600830078125,185213.140625
337,4001209.597222222,1102.1466064453125,41.62961196899414,4001209.75,188337.6265996592,163.07815551757812,379.1365966796875,188337.640625
338,3925616.3333333335,1046.62939453125,40.127567291259766,3925616.5,192980.84121758386,158.98963928222656,357.6991882324219,192980.828125
339,4197491.652777778,1158.25830078125,43.720401763916016,4197491.5,188904.53346595852,164.1017608642578,393.2491455078125,188904.484375
340,3856088.375,1057.4818115234375,41.33301544189453,3856088.0,186117.99305152745,162.4136199951172,361.98162841796875,186118.03125
341,3876361.513888889,1043.0328369140625,42.99981689453125,3876361.75,186224.9856921887,166.85433959960938,378.8692626953125,186224.984375
342,3992447.1944444445,1115.2454833984375,43.21986389160156,3992447.0,193772.444708285,172.97584533691406,350.5268249511719,193772.46875
343,4076110.902777778,1158.217041015625,42.59282684326172,4076110.75,181174.7830022235,165.3745574951172,398.1387634277344,181174.8125
344,4447223.388888889,1203.9605712890625,44.46134948730469,4447223.5,202422.755496846,174.11492919921875,345.8294372558594,202422.75
345,4002674.125,1130.8988037109375,46.05705261230469,4002674.25,183248.72960245673,164.22413635253906,342.88409423828125,183248.6875
346,3703424.652777778,1023.3422241210938,38.53523254394531,3703424.75,180917.45160539926,159.396484375,315.2066955566406,180917.484375
347,3827198.861111111,1090.71728515625,46.992652893066406,3827199.0,192078.98858939964,170.20379638671875,405.82080078125,192079.015625
348,3747948.652777778,1073.7774658203125,43.1632080078125,3747949.0,183391.3534506719,166.09185791015625,361.3010559082031,183391.375
349,3906065.263888889,1122.75732421875,42.655555725097656,3906065.0,180425.725837442,168.04502868652344,362.25555419921875,180425.71875
350,4613184.666666667,1260.138427734375,50.819664001464844,4613185.0,187965.33712478247,167.40821838378906,389.6429748535156,187965.375
351,4216124.444444444,1160.7354736328125,44.77316665649414,4216124.5,193777.33697259583,173.7864532470703,420.47161865234375,193777.34375
352,3928049.722222222,1108.501708984375,43.67891311645508,3928049.75,185861.22265473945,165.7317352294922,351.23046875,185861.203125
353,3528297.013888889,1000.4037475585938,41.39833450317383,3528297.0,183940.30121477426,165.7760009765625,393.075439453125,183940.375
354,4193145.5416666665,1191.5032958984375,47.55994415283203,4193145.25,188929.88378528616,168.3760528564453,410.6108703613281,188929.875
355,4723120.333333333,1233.24951171875,43.95399856567383,4723120.5,185986.21614583334,166.55584716796875,375.6086730957031,185986.203125
356,3799834.9583333335,1065.557861328125,42.37522888183594,3799834.75,199257.76776410994,174.07704162597656,379.33392333984375,199257.78125
357,4002589.8055555555,1065.323974609375,38.614479064941406,4002589.75,188120.74207874128,168.64007568359375,397.47467041015625,188120.75
358,4256341.277777778,1159.787109375,43.18492126464844,4256341.5,187159.27760356246,163.06797790527344,462.0693664550781,187159.296875
359,3957984.125,1123.7451171875,43.81336975097656,3957984.5,186716.28778760633,167.78453063964844,380.8561096191406,186716.28125
360,3812736.5,1100.87158203125,47.30547332763672,3812736.5,182047.9071355526,163.6591339111328,415.5858459472656,182047.90625
361,4147682.361111111,1145.4990234375,42.22937774658203,4147682.25,176773.37116323473,163.83529663085938,369.42132568359375,176773.390625
362,4493237.638888889,1218.01318359375,43.485267639160156,4493237.5,194337.54235547179,178.77890014648438,467.41851806640625,194337.5625
363,3548713.7569444445,1018.4330444335938,41.900516510009766,3548713.5,180275.12788814772,160.39540100097656,409.92822265625,180275.09375
364,4413041.416666667,1218.83154296875,44.81796646118164,4413041.5,181900.91108069895,167.18434143066406,378.17523193359375,181900.921875
365,3673014.5694444445,1062.0650634765625,38.06966018676758,3673014.75,186181.081991976,166.24192810058594,393.8958740234375,186181.09375
366,3981932.861111111,1105.8203125,43.05506896972656,3981933.0,189966.54055944268,172.66539001464844,383.5732116699219,189966.578125
367,3810922.986111111,1069.3360595703125,42.347816467285156,3810922.75,178904.3112190642,160.98753356933594,386.9482727050781,178904.3125
368,4658430.472222222,1235.9049072265625,46.28987503051758,4658430.5,188455.2792802591,164.8805694580078,389.3800964355469,188455.296875
369,3910345.972222222,1105.1959228515625,43.57795715332031,3910345.75,176859.71925149846,162.71237182617188,350.8564147949219,176859.734375
370,4348403.263888889,1182.3270263671875,42.28070068359375,4348403.0,190827.81381416763,168.26824951171875,341.46038818359375,190827.828125
371,3551476.388888889,982.6055908203125,39.77403259277344,3551476.25,182997.79531008314,162.8811798095703,391.50384521484375,182997.796875
372,4573370.944444444,1220.96728515625,50.626243591308594,4573371.0,182950.77841321056,166.154296875,377.9996337890625,182950.796875
373,3888536.763888889,1088.43701171875,43.20724105834961,3888537.0,182483.31122208526,162.2651824951172,403.1131591796875,182483.296875
374,4004126.013888889,1167.86962890625,44.33675003051758,4004126.25,170282.17382963555,163.64437866210938,430.62542724609375,170282.171875
375,4084914.0833333335,1156.1876220703125,52.58187484741211,4084913.75,182864.50099695477,164.3125762939453,408.489990234375,182864.546875
376,4198039.777777778,1199.6136474609375,47.82802963256836,4198040.0,172403.92931892886,165.83602905273438,386.8205261230469,172403.953125
377,4028523.902777778,1134.0687255859375,44.127479553222656,4028524.0,170686.99138389406,159.02796936035156,388.4456787109375,170686.96875
378,3871184.3333333335,1091.8917236328125,41.07907485961914,3871184.5,171744.1793340342,156.95672607421875,378.0615234375,171744.171875
379,4233737.444444444,1181.7664794921875,47.396724700927734,4233738.0,175739.01459179234,156.6561737060547,391.1009216308594,175739.03125
380,3561900.6944444445,1039.6455078125,42.53769302368164,3561901.0,179752.74907139706,165.13377380371094,382.87744140625,179752.71875
381,3883204.361111111,1114.70068359375,48.09169006347656,3883204.5,176640.30861187645,167.9232635498047,462.41241455078125,176640.328125
382,4309747.5,1157.706787109375,44.65393829345703,4309747.5,172602.10232834253,160.15843200683594,422.605224609375,172602.078125
383,3653617.5694444445,1058.438720703125,47.41267776489258,3653617.5,175732.71313684262,161.94956970214844,385.4173889160156,175732.671875
384,3603577.125,1068.327392578125,47.36562728881836,3603577.0,178675.12174139297,166.51026916503906,411.1327209472656,178675.140625
385,4431994.722222222,1196.31494140625,46.860267639160156,4431994.5,164633.397431482,154.92095947265625,377.2206726074219,164633.375
386,3883350.8194444445,1126.759765625,51.95137405395508,3883351.0,167115.69384425753,154.69189453125,373.90863037109375,167115.65625
387,4158479.722222222,1146.437255859375,45.25899124145508,4158479.5,173423.17488399072,161.48683166503906,356.6150817871094,173423.125
388,4175755.847222222,1144.67822265625,44.66046905517578,4175755.5,163720.27747818784,154.68862915039062,395.287353515625,163720.234375
389,3984356.152777778,1134.8406982421875,45.101165771484375,3984356.0,169130.86129036156,162.79734802246094,429.96624755859375,169130.796875
390,3634799.2916666665,1058.5806884765625,43.36705017089844,3634799.0,169930.407256018,157.65078735351562,366.77398681640625,169930.4375
391,3972209.4444444445,1167.450439453125,43.64707565307617,3972209.25,174923.49487474622,166.9599151611328,431.3953552246094,174923.515625
392,3790552.527777778,1093.417724609375,47.62727355957031,3790552.5,185070.87873102765,179.4276885986328,406.1339416503906,185070.890625
393,4157820.625,1179.0540771484375,46.44645690917969,4157820.5,174442.44425210266,166.22413635253906,363.8189392089844,174442.453125
394,3966848.986111111,1166.08837890625,42.03679656982422,3966849.25,163785.5511460448,157.85311889648438,423.4107666015625,163785.546875
395,3558956.972222222,1051.5107421875,42.02043914794922,3558957.0,166009.23055636117,154.6144561767578,387.6749267578125,166009.234375
396,3980844.6666666665,1139.3134765625,41.369136810302734,3980845.0,164619.25657385925,163.2155303955078,437.2013854980469,164619.265625
397,3810266.125,1111.7396240234375,43.171531677246094,3810266.25,171145.54570886504,165.70303344726562,405.053955078125,171145.59375
398,3605766.8055555555,1075.5697021484375,42.34111785888672,3605766.75,163825.49170110692,156.8321533203125,419.525146484375,163825.484375
399,3273531.590277778,979.1103515625,44.59733581542969,3273531.75,164354.88017812258,154.6326904296875,396.5104064941406,164354.84375
400,4354645.472222222,1188.18994140625,40.07434844970703,4354645.5,181702.6271268368,172.93264770507812,420.99273681640625,181702.625
401,3775631.0694444445,1085.6646728515625,46.138832092285156,3775631.0,167324.61053358228,160.9637451171875,373.6595458984375,167324.578125
402,3932038.6805555555,1141.656982421875,39.96059799194336,3932039.0,165655.4642274507,161.47824096679688,381.00872802734375,165655.46875
403,3489961.111111111,1057.74560546875,45.10053253173828,3489961.0,156810.4254428896,157.0639190673828,371.8887023925781,156810.421875
404,4028745.875,1144.7425537109375,43.91923522949219,4028745.75,156330.21542077532,150.31976318359375,421.1023254394531,156330.234375
405,3674386.4444444445,1065.06201171875,42.08116149902344,3674386.5,155556.65908678944,151.4908447265625,375.468017578125,155556.65625
406,3655109.1944444445,1083.9581298828125,46.02196502685547,3655109.0,169168.50255658475,156.2497100830078,372.15869140625,169168.515625
407,3790486.027777778,1096.105224609375,37.97825622558594,3790486.25,153425.94304159566,155.3253631591797,391.52716064453125,153425.953125
408,3679106.888888889,1095.6148681640625,42.6518669128418,3679107.0,160707.442010465,153.314453125,387.2564392089844,160707.40625
409,3601892.4444444445,1050.6221923828125,38.76227951049805,3601892.25,156081.73078596286,160.41505432128906,418.20428466796875,156081.703125
410,3857767.277777778,1139.8372802734375,43.40530014038086,3857767.5,149546.5948738399,151.28990173339844,394.97796630859375,149546.609375
411,3703063.777777778,1111.75634765625,41.11961364746094,3703064.0,147670.50731100154,151.1712646484375,355.36224365234375,147670.515625
412,3604578.361111111,1030.4166259765625,39.54899215698242,3604578.5,160762.49469499226,157.37339782714844,403.22906494140625,160762.453125
413,3210372.8680555555,984.072021484375,40.93690490722656,3210373.0,146415.74136085834,154.79867553710938,433.59039306640625,146415.734375
414,3525281.0,1103.38232421875,40.415550231933594,3525281.0,151805.04051110547,158.5427703857422,380.2635803222656,151805.046875
415,4138235.0555555555,1177.008056640625,43.70961380004883,4138235.0,150011.75682007684,157.67703247070312,398.0755615234375,150011.78125
416,3853350.777777778,1124.9486083984375,43.02393341064453,3853350.75,148642.92649724477,153.65994262695312,367.5006408691406,148642.921875
417,3701944.861111111,1101.1943359375,46.78678894042969,3701944.75,145933.31400449536,151.3435821533203,428.30523681640625,145933.28125
418,3761685.6944444445,1146.42333984375,44.24999237060547,3761685.75,146364.68439433488,153.40927124023438,409.4566955566406,146364.6875
419,3933808.625,1148.0389404296875,43.74936294555664,3933809.0,143422.82604347932,154.62307739257812,397.6930236816406,143422.8125
420,3919860.986111111,1150.0125732421875,46.241600036621094,3919861.0,149382.04963059805,154.68507385253906,363.66375732421875,149382.046875
421,3609948.0833333335,1075.6014404296875,42.27939987182617,3609948.0,144140.3678037993,149.8928680419922,373.50982666015625,144140.359375
422,4046983.3194444445,1158.63623046875,40.10953140258789,4046983.0,141641.96773793988,154.2931671142578,412.73101806640625,141641.96875
423,3293032.534722222,1023.6859741210938,39.035186767578125,3293032.75,154850.1616985088,153.945068359375,352.6709289550781,154850.125
424,3565740.972222222,1076.680908203125,45.22344207763672,3565741.0,153651.84543424932,160.9617462158203,406.0538330078125,153651.8125
425,3363807.6666666665,1016.6514892578125,44.13511657714844,3363807.75,139241.117226774,148.27389526367188,367.848388671875,139241.140625
426,3379412.152777778,1055.0718994140625,44.21846008300781,3379412.0,139889.0134377417,144.77279663085938,355.8963317871094,139889.03125
427,3234165.5833333335,1003.6434326171875,42.55775451660156,3234165.5,141133.72861078885,151.69239807128906,372.3284912109375,141133.703125
428,3943348.875,1151.600341796875,48.21863555908203,3943349.0,132425.8420196793,145.9273223876953,335.9482727050781,132425.84375
429,3500569.652777778,1053.1199951171875,43.250633239746094,3500569.5,134185.10516966358,145.3854522705078,382.2164001464844,134185.109375
430,3533902.8333333335,1058.94873046875,42.13068771362305,3533903.0,132311.55155766627,148.7265167236328,343.42315673828125,132311.546875
431,3199506.9305555555,984.099365234375,40.49190902709961,3199507.0,128817.96226073086,139.71981811523438,350.06451416015625,128817.953125
432,3757741.277777778,1161.0035400390625,48.17168426513672,3757741.25,133614.9221046017,150.71495056152344,351.86273193359375,133614.90625
433,3493130.625,1058.80419921875,40.47085189819336,3493130.75,140471.30793666618,152.32383728027344,379.10601806640625,140471.3125
434,3967775.638888889,1153.9140625,42.77820587158203,3967775.5,134979.9943989269,148.6508331298828,374.7980651855469,134980.015625
435,4120556.972222222,1176.7684326171875,44.703243255615234,4120557.25,139619.71262325987,147.3968963623047,362.356689453125,139619.71875
436,3362193.8194444445,1029.6536865234375,42.89495086669922,3362193.75,130250.11070011902,144.81765747070312,369.56036376953125,130250.09375
437,3471819.0,1054.641357421875,39.16390609741211,3471819.0,125011.04264700551,141.79551696777344,331.2437744140625,125011.046875
438,2893595.6805555555,933.0262451171875,37.96103286743164,2893595.75,128430.07680176914,148.86453247070312,345.02166748046875,128430.078125
439,3338069.6666666665,1054.5361328125,42.24959945678711,3338069.75,129386.41244018271,148.9068145751953,362.0340270996094,129386.4296875
440,3288689.2916666665,1016.067626953125,43.35107421875,3288689.0,131154.5677113544,148.45619201660156,329.0566101074219,131154.546875
441,3252717.4444444445,1006.4150390625,37.63775634765625,3252717.25,127908.74970695573,142.47348022460938,351.46514892578125,127908.7734375
442,3660241.138888889,1140.5186767578125,51.22532653808594,3660241.0,121429.26910527842,141.17921447753906,327.8037109375,121429.2578125
443,3185032.1041666665,1009.3251953125,44.201637268066406,3185032.25,134014.2600193953,148.3705596923828,338.5714111328125,134014.25
444,3910996.138888889,1150.67724609375,48.61648178100586,3910996.0,116797.47277860354,139.78591918945312,336.2696838378906,116797.4765625
445,2961998.701388889,965.622802734375,41.86043930053711,2961998.75,127614.09794476266,145.63865661621094,343.4547424316406,127614.1171875
446,3456712.625,1060.48681640625,43.23265075683594,3456713.0,120720.67593532482,141.1249237060547,336.7716064453125,120720.6796875
447,3580113.8194444445,1097.532958984375,42.58960723876953,3580114.0,119810.14690883605,137.2908477783203,295.5973205566406,119810.140625
448,3909089.847222222,1164.8365478515625,45.29233169555664,3909089.75,115939.04281420313,137.461669921875,347.2193298339844,115939.03125
449,3527051.986111111,1057.3939208984375,36.52178192138672,3527052.0,116460.07854266363,135.1551055908203,318.9086608886719,116460.078125
450,3559952.027777778,1109.2159423828125,43.34149932861328,3559952.0,120302.0302251003,143.607177734375,380.2397766113281,120302.03125
451,3325260.611111111,1061.92626953125,43.40394973754883,3325260.75,107211.42318369194,132.29940795898438,327.86077880859375,107211.4609375
452,3584698.1666666665,1113.7431640625,47.62158203125,3584698.25,114908.84474997583,141.33717346191406,347.5853576660156,114908.859375
453,3103352.111111111,1013.8557739257812,40.49418640136719,3103352.0,116266.09179234339,141.02490234375,302.0186462402344,116266.0703125
454,3124928.986111111,1011.0590209960938,42.72913360595703,3124929.0,114250.62573412123,138.02218627929688,365.97576904296875,114250.59375
455,3510662.375,1069.8436279296875,46.09526062011719,3510662.25,119894.65427421694,141.29783630371094,332.6761779785156,119894.671875
456,3348343.9444444445,1051.7530517578125,48.62372970581055,3348344.0,106733.01186527214,128.75450134277344,325.1423645019531,106733.0078125
457,2811313.111111111,914.8316040039062,34.91568374633789,2811313.0,111554.64518984435,132.9978790283203,336.0099182128906,111554.6484375
458,3648167.9305555555,1140.1920166015625,40.45654296875,3648167.75,107174.99843206207,132.6400604248047,325.0675354003906,107175.0
459,3167926.347222222,1031.83837890625,39.987998962402344,3167926.5,106520.03161555008,132.67210388183594,334.43377685546875,106520.0546875
460,3181815.9583333335,991.0580444335938,39.47593307495117,3181816.0,109135.80085149,138.03416442871094,349.6641845703125,109135.8046875
461,2905657.5833333335,999.076416015625,41.97930908203125,2905657.75,112256.54245139091,134.17092895507812,342.357177734375,112256.5234375
462,3289328.5,1046.7659912109375,42.19755554199219,3289328.5,102184.65748864076,129.31723022460938,307.11761474609375,102184.65625
463,3431144.722222222,1082.1651611328125,44.01494216918945,3431145.0,108236.71901283352,131.45875549316406,329.419189453125,108236.71875
464,2478540.097222222,881.314208984375,39.900352478027344,2478540.25,103695.89326164323,131.71389770507812,339.92767333984375,103695.8984375
465,3077033.1805555555,1020.4758911132812,40.84524917602539,3077033.25,117943.91547938419,140.67654418945312,340.0789489746094,117943.90625
466,3477527.1666666665,1076.0582275390625,41.53213119506836,3477527.0,104284.23247172273,134.43624877929688,306.4586181640625,104284.234375
467,2900765.861111111,958.6114501953125,39.836708068847656,2900766.0,97481.63723044458,124.29029846191406,315.8853454589844,97481.625
468,3080925.0,1014.28515625,40.79544448852539,3080925.0,100803.60386304863,124.43939971923828,329.66015625,100803.59375
469,2934071.3125,1025.225830078125,43.63160705566406,2934071.5,100103.28063266221,130.91831970214844,371.5113830566406,100103.2890625
470,2835769.097222222,982.612548828125,42.75819778442383,2835769.0,106976.94663875194,136.63307189941406,401.1186828613281,106976.9375
471,2731556.7916666665,940.6990966796875,36.82524490356445,2731556.75,107002.84114130172,136.44862365722656,333.7892150878906,107002.84375
472,3049041.3055555555,998.6675415039062,43.07432556152344,3049041.25,102744.6486308488,130.91232299804688,357.7709655761719,102744.6171875
473,3171241.6944444445,1016.034423828125,43.03417205810547,3171241.5,102168.76880468146,131.8970489501953,344.57513427734375,102168.7578125
474,2917627.9444444445,1016.3158569335938,40.53794479370117,2917627.75,99007.16384649313,131.0455780029297,364.69580078125,99007.1640625
475,3313482.472222222,1084.1099853515625,43.87984085083008,3313482.5,103792.61931584735,127.41221618652344,360.342041015625,103792.625
476,3047858.013888889,1025.08740234375,43.61039352416992,3047858.0,96389.02502054331,125.5058822631836,359.3727111816406,96389.0078125
477,2376645.875,863.7633056640625,41.254608154296875,2376645.75,100899.3966788567,133.925537109375,333.74658203125,100899.421875
478,2546630.8194444445,918.029541015625,40.56678771972656,2546630.75,95998.38047418793,125.74383544921875,361.7351379394531,95998.3828125
479,2878960.8333333335,1008.7975463867188,47.7729606628418,2878960.75,105531.50918406805,133.8707275390625,366.8499755859375,105531.4921875
480,2586690.076388889,910.7071533203125,39.53703308105469,2586690.25,98211.21013427168,127.13379669189453,341.7360534667969,98211.21875
481,2961276.0694444445,1010.3766479492188,41.179874420166016,2961276.25,91821.27476828355,126.59650421142578,365.77630615234375,91821.2734375
482,3218112.527777778,1042.17529296875,41.03126907348633,3218112.5,93095.91949439289,121.7535171508789,328.68865966796875,93095.9140625
483,2718639.173611111,993.1021118164062,41.996253967285156,2718639.0,96276.93779757588,123.2765884399414,318.7703857421875,96276.9296875
484,2859098.8333333335,967.3546142578125,40.38426971435547,2859099.0,103263.444224913,132.61965942382812,364.12750244140625,103263.453125
485,2464037.722222222,893.5443115234375,37.52631378173828,2464037.75,93913.84484665023,124.80269622802734,330.4029541015625,93913.8359375
486,2528062.048611111,932.1657104492188,37.55741500854492,2528062.25,91833.353394782,129.00827026367188,418.3482360839844,91833.3515625
487,2886298.2916666665,1021.6943359375,44.62778854370117,2886298.5,102849.4243794712,137.7375030517578,337.1614685058594,102849.40625
488,2200783.8333333335,838.8015747070312,33.85014724731445,2200783.75,100212.26085170147,135.29644775390625,357.52996826171875,100212.28125
489,2714324.777777778,992.5,40.5872802734375,2714325.0,90988.13017208043,124.09536743164062,314.0101623535156,90988.109375
490,2655223.3194444445,907.877197265625,46.90614318847656,2655223.25,102251.32626703886,131.473388671875,353.2718811035156,102251.3125
491,2388492.1319444445,901.321044921875,39.600074768066406,2388492.25,100280.32871410962,137.12432861328125,375.53680419921875,100280.34375
492,2501464.951388889,932.6019897460938,39.17940139770508,2501465.0,86662.22277784826,122.08895111083984,346.1676330566406,86662.21875
493,2476739.3541666665,905.668212890625,38.7833251953125,2476739.5,89341.51752299038,125.64644622802734,353.9378662109375,89341.484375
494,2591608.986111111,945.0880126953125,38.387020111083984,2591609.0,97259.289908401,130.76919555664062,369.43536376953125,97259.296875
495,2198009.9444444445,848.2730102539062,38.54997253417969,2198010.0,87040.89361586428,122.46798706054688,357.88702392578125,87040.921875
496,1927602.9895833333,787.3313598632812,38.13861083984375,1927602.875,94008.62915095707,124.90192413330078,335.06622314453125,94008.609375
497,2742509.597222222,955.3922729492188,39.876976013183594,2742509.5,84945.83611121181,115.20558166503906,324.099853515625,84945.8203125
498,2565453.8194444445,927.5032348632812,34.50666809082031,2565453.75,95127.04665068518,127.51001739501953,327.53460693359375,95127.0390625
499,2219690.3819444445,844.5744018554688,39.02716064453125,2219690.25,90342.99955231445,132.05569458007812,428.2701416015625,90342.9921875
